cdr3aa	freq_u	Valid_number
CASRADSREQYF	0.0013656054154344	1
CASRSGQGYYGYTF	7.556134229951449e-05	3
CASSDETAMLYGYTF	0.0015829049501415	2
CASSFSLPYEQYF	0.0023477410637386	3
CASSKEKTSNQPQHF	1.326773033952931e-05	2
CASSLSSGTGGSYTF	3.591995287043301e-05	2
CASSLSSGTPGGDYTF	0.1309895510151512	2
CASSNQGYTEAFF	0.0001174679539816	2
CASSPGSLNYGYTF	0.0254344008624671	2
CASSPITGTGGSYTF	0.0156994464282218	3
CASSPITGTGSYGYTF	8.850546946003087e-05	2
CASSPITGTPGGDYTF	1.7636373256203593e-05	3
CASSPLGAGPHNEQFF	0.0001056564379477	3
CASSPQTGVGNYGYTF	0.0010855268639988	3
CASSPVTGQGYYGYTF	0.0569261678312875	3
CASSQDSSGWSHEQFF	0.0027750590616252	2
CASSRDQAGGYNEQFF	5.921938175936253e-05	2
CASSSANYGYTF	0.4430074126162199	3
CASSSVTGTGGSYTF	0.0001216747953088	2
CASSSVTGTGSYGYTF	0.0224342757898385	3
CASSSVTGTPGGDYTF	1.035530172841312e-05	3
CASSVALPYEQYF	5.970478652788189e-05	2
CASSVDSLAAATDTQYF	7.976818362668231e-05	3
CASSVQGYTEAFF	0.0001011259934415	2
CASSYSTGVPDTQYF	0.0002263604237195	3
CASSYSTGVPGELFF	0.0047472586361193	3
CAWSDRDSFFEKLFF	6.714765964517882e-05	2
CSARDPGLGSVEQYF	0.0001485338591669	1
